{
  "frontend/next.config.mjs": 1776935625.2819724,
  "frontend/next-env.d.ts": 1776935324.0718997,
  "frontend/tailwind.config.ts": 1776935324.074194,
  "frontend/postcss.config.js": 1776912085.8795328,
  "frontend/src/app/sitemap.ts": 1776997526.4257574,
  "frontend/src/app/layout.tsx": 1776938462.774755,
  "frontend/src/app/page.tsx": 1776998991.8497427,
  "frontend/src/app/not-found.tsx": 1776935324.111462,
  "frontend/src/app/admin/submissions/AdminSubmissionsClient.tsx": 1776940250.7298036,
  "frontend/src/app/admin/submissions/page.tsx": 1776940216.591531,
  "frontend/src/app/about/page.tsx": 1776935351.5497444,
  "frontend/src/app/best-ipad-games/page.tsx": 1776999498.032437,
  "frontend/src/app/collections/[slug]/page.tsx": 1776999505.077321,
  "frontend/src/app/games/[slug]/page.tsx": 1776997526.425076,
  "frontend/src/app/categories/[category]/page.tsx": 1776999503.0516212,
  "frontend/src/app/android-tablet-games/page.tsx": 1776999501.040019,
  "frontend/src/components/ads/AdSlot.tsx": 1776937448.8974571,
  "frontend/src/components/submit/SubmitModal.tsx": 1777000497.2707531,
  "frontend/src/components/layout/Navbar.tsx": 1777000515.4775279,
  "frontend/src/components/layout/Footer.tsx": 1776999069.1927335,
  "frontend/src/components/gallery/ScreenshotGallery.tsx": 1776938691.7902148,
  "frontend/src/components/gallery/Quotes.tsx": 1776938705.1416407,
  "frontend/src/components/leaderboard/Pagination.tsx": 1776939271.135133,
  "frontend/src/components/leaderboard/StoreRatings.tsx": 1776935978.0275102,
  "frontend/src/components/leaderboard/GameCard.tsx": 1776997848.942768,
  "frontend/src/components/leaderboard/LeaderboardFilters.tsx": 1776939282.3245218,
  "frontend/src/components/marketing/SubmitCta.tsx": 1776997526.4277852,
  "frontend/src/components/marketing/DiscoveryLinks.tsx": 1776997526.4275227,
  "frontend/src/components/marketing/SeoLandingPage.tsx": 1776999485.9220376,
  "frontend/src/lib/analytics.ts": 1776935324.1138465,
  "frontend/src/lib/utils.ts": 1776935324.1162193,
  "frontend/src/lib/api.ts": 1777002015.1310134,
  "frontend/src/lib/seo.ts": 1776999459.1381006,
  "backend/src/index.ts": 1777001956.177089,
  "backend/src/middleware/errors.ts": 1776935324.0902686,
  "backend/src/middleware/admin.ts": 1776940036.1616209,
  "backend/src/scripts/migrate.ts": 1776935324.0922089,
  "backend/src/scripts/add-games.ts": 1777001479.2260818,
  "backend/src/scripts/refresh-ratings.ts": 1776938571.8077457,
  "backend/src/scripts/seed.ts": 1776938601.577347,
  "backend/src/scripts/apply-fixes.ts": 1777000636.8692696,
  "backend/src/scripts/propose-fixes.ts": 1777000390.9493408,
  "backend/src/scripts/check-integrity.ts": 1776999875.6546514,
  "backend/src/lib/submission.ts": 1776940027.3226297,
  "backend/src/lib/enrich.ts": 1776939981.8581257,
  "backend/src/lib/db.ts": 1776935324.0966868,
  "backend/src/lib/serialize.ts": 1776938506.1409144,
  "backend/src/routes/submissions.ts": 1777001058.6168275,
  "backend/src/routes/games.ts": 1776939238.6903543,
  "backend/src/routes/categories.ts": 1776935324.102095,
  "backend/src/routes/health.ts": 1776935324.104099,
  "packages/shared-types/src/api.ts": 1776940014.0762587,
  "packages/shared-types/src/game.ts": 1776938487.3402975,
  "packages/shared-types/src/index.ts": 1776935324.0861323,
  "MAINTAINERS.md": 1776997526.423185,
  "README.md": 1776935366.733246,
  "docs/search-console-checklist.md": 1776997526.4234004,
  "marketing/reddit/post_03_r_androidgaming.md": 1776997526.4287717,
  "marketing/reddit/README.md": 1776997526.428263,
  "marketing/reddit/post_02_r_iosgaming_dev_saturday.md": 1776997526.4286513,
  "marketing/reddit/comment_bank.md": 1776997526.4283903,
  "marketing/reddit/post_04_r_boardgames.md": 1776997526.4288905,
  "marketing/reddit/post_01_r_ipad.md": 1776997526.428524,
  "frontend/public/apple-icon.png": 1776938457.4094172,
  "frontend/public/favicon-16.png": 1776938457.804801,
  "frontend/public/favicon.png": 1776938458.009695,
  "frontend/public/favicon-32.png": 1776938457.6125898,
  "frontend/public/favicon.svg": 1776938440.023417
}